{"cameraMode":{"drawMode":0,"name":"Shaded","section":"Shading Mode"},"sceneLighting":true,"audioPlay":false,"sceneViewState":{"m_AlwaysRefresh":false,"showFog":true,"showSkybox":true,"showFlares":true,"showImageEffects":true,"showParticleSystems":true,"showVisualEffectGraphs":true,"m_FxEnabled":true},"in2DMode":false,"pivot":{"x":1.7866668701171876,"y":22.524080276489259,"z":100.20600128173828},"rotation":{"x":-0.09013091772794724,"y":-0.9037857055664063,"z":0.23559413850307465,"w":-0.34575915336608889},"size":282.2485656738281,"orthographic":true}