{"cameraMode":{"drawMode":0,"name":"Shaded","section":"Shading Mode"},"sceneLighting":true,"audioPlay":false,"sceneViewState":{"m_AlwaysRefresh":false,"showFog":true,"showSkybox":true,"showFlares":true,"showImageEffects":true,"showParticleSystems":true,"showVisualEffectGraphs":true,"m_FxEnabled":true},"in2DMode":false,"pivot":{"x":-1.54674232006073,"y":-0.9644757509231567,"z":94.72332000732422},"rotation":{"x":0.04438045620918274,"y":0.011987998150289059,"z":-0.000532259582541883,"w":0.9989435076713562},"size":0.8032025694847107,"orthographic":true}