{"cameraMode":{"drawMode":0,"name":"Shaded","section":"Shading Mode"},"sceneLighting":true,"audioPlay":false,"sceneViewState":{"m_AlwaysRefresh":false,"showFog":true,"showSkybox":true,"showFlares":true,"showImageEffects":true,"showParticleSystems":true,"showVisualEffectGraphs":true,"m_FxEnabled":true},"in2DMode":false,"pivot":{"x":-0.028838694095611573,"y":0.8061063885688782,"z":0.09485059976577759},"rotation":{"x":0.23309051990509034,"y":0.09463860094547272,"z":-0.022798607125878335,"w":0.967570960521698},"size":0.7798081040382385,"orthographic":true}