{"cameraMode":{"drawMode":0,"name":"Shaded","section":"Shading Mode"},"sceneLighting":false,"audioPlay":false,"sceneViewState":{"m_AlwaysRefresh":false,"showFog":true,"showSkybox":false,"showFlares":true,"showImageEffects":true,"showParticleSystems":true,"showVisualEffectGraphs":true,"m_FxEnabled":true},"in2DMode":false,"pivot":{"x":-0.07209670543670654,"y":0.765265941619873,"z":0.23712646961212159},"rotation":{"x":0.07415678352117539,"y":0.9257953763008118,"z":-0.2571168839931488,"w":0.2670144736766815},"size":1.949520230293274,"orthographic":true}