{"cameraMode":{"drawMode":0,"name":"Shaded","section":"Shading Mode"},"sceneLighting":false,"audioPlay":false,"sceneViewState":{"m_AlwaysRefresh":false,"showFog":true,"showSkybox":false,"showFlares":true,"showImageEffects":true,"showParticleSystems":true,"showVisualEffectGraphs":true,"m_FxEnabled":true},"in2DMode":false,"pivot":{"x":-0.07209670543670654,"y":0.765265941619873,"z":0.23712646961212159},"rotation":{"x":-0.03492920473217964,"y":0.9641124606132507,"z":-0.1629154086112976,"w":-0.20670711994171143},"size":1.2389802932739258,"orthographic":true}