{"cameraMode":{"drawMode":0,"name":"Shaded","section":"Shading Mode"},"sceneLighting":false,"audioPlay":false,"sceneViewState":{"m_AlwaysRefresh":false,"showFog":true,"showSkybox":false,"showFlares":true,"showImageEffects":true,"showParticleSystems":true,"showVisualEffectGraphs":true,"m_FxEnabled":true},"in2DMode":false,"pivot":{"x":0.18334271013736726,"y":0.20260769128799439,"z":0.12081079185009003},"rotation":{"x":0.10627776384353638,"y":0.8936939239501953,"z":-0.30401405692100527,"w":0.31241244077682497},"size":0.7477139234542847,"orthographic":false}